id,product_name,sku,category,brand,size,color,cost_price,selling_price,quantity,min_stock,barcode,status,description,created_at
1,Elegant Night Suit,SIMS0001,Jackets,StyleCraft,36,Black,4520.87,9553.2,80,16,8901991357666,active,"Elegant Night Suit by StyleCraft in Black, Size 36 - Jackets",2025-08-24T00:00:00
2,Trendy Stole,SIMS0002,Kurtas,StyleCraft,38,Beige,4249.72,6540.58,196,12,8907485508823,active,"Trendy Stole by StyleCraft in Beige, Size 38 - Kurtas",2025-01-25T00:00:00
3,Ethnic Anarkali Dress,SIMS0003,Activewear,UrbanFit,XL,Brown,4893.03,10225.82,140,26,8901108689082,active,"Ethnic Anarkali Dress by UrbanFit in Brown, Size XL - Activewear",2024-02-20T00:00:00
4,Urban Beanie,SIMS0004,Sarees,ThreadCraft,XL,Sky Blue,1212.17,1852.39,128,9,8909847384897,active,"Urban Beanie by ThreadCraft in Sky Blue, Size XL - Sarees",2025-10-05T00:00:00
5,Slim Fit Stole,SIMS0005,T-Shirts,UrbanFit,XL,Charcoal,2960.93,6451.37,46,28,8904960905451,active,"Slim Fit Stole by UrbanFit in Charcoal, Size XL - T-Shirts",2025-03-01T00:00:00
6,Oversized Jeans,SIMS0006,Jeans,ThreadCraft,40,Lavender,2724.63,6528.72,425,20,8903208477842,active,"Oversized Jeans by ThreadCraft in Lavender, Size 40 - Jeans",2024-10-29T00:00:00
7,Comfort Sling Bag,SIMS0007,Shirts,Elegance,30,Navy Blue,3807.63,5980.79,346,16,8906333966781,active,"Comfort Sling Bag by Elegance in Navy Blue, Size 30 - Shirts",2024-04-02T00:00:00
8,Essential Cotton T-Shirt,SIMS0008,Jackets,StyleCraft,32,Red,1937.64,4260.51,134,25,8908845832758,active,"Essential Cotton T-Shirt by StyleCraft in Red, Size 32 - Jackets",2025-01-15T00:00:00
9,Slim Fit Gloves,SIMS0009,Trousers,ThreadCraft,30,Black,4588.99,7184.71,32,27,8909528247069,active,"Slim Fit Gloves by ThreadCraft in Black, Size 30 - Trousers",2024-11-05T00:00:00
10,Luxury Hoodie,SIMS0010,Jeans,FabricFirst,XS,White,4980.25,7168.3,120,17,8908214828427,active,"Luxury Hoodie by FabricFirst in White, Size XS - Jeans",2025-04-09T00:00:00
11,Sporty Muffler,SIMS0011,Kids Wear,Elegance,28,Coral,4444.26,9270.31,426,18,8907567904788,active,"Sporty Muffler by Elegance in Coral, Size 28 - Kids Wear",2024-10-13T00:00:00
12,Classic Cap,SIMS0012,Dresses,StyleCraft,L,Charcoal,4760.19,11074.77,50,25,8905930286379,active,"Classic Cap by StyleCraft in Charcoal, Size L - Dresses",2025-01-02T00:00:00
13,Classic Top,SIMS0013,Jackets,StyleCraft,L,Red,594.62,924.35,327,6,8909014757312,active,"Classic Top by StyleCraft in Red, Size L - Jackets",2024-12-07T00:00:00
14,Formal Cardigan,SIMS0014,Activewear,StitchWell,L,Navy Blue,2993.96,6813.25,119,30,8905409851628,active,"Formal Cardigan by StitchWell in Navy Blue, Size L - Activewear",2025-09-02T00:00:00
15,Premium Nehru Jacket,SIMS0015,Jeans,FabricFirst,M,Lavender,4022.79,5760.28,443,5,8901346015326,active,"Premium Nehru Jacket by FabricFirst in Lavender, Size M - Jeans",2025-01-01T00:00:00
16,Formal Tie,SIMS0016,Dresses,FabricFirst,XS,Maroon,404.14,885.09,269,20,8902525375118,active,"Formal Tie by FabricFirst in Maroon, Size XS - Dresses",2025-04-04T00:00:00
17,Sporty Windcheater,SIMS0017,Activewear,StitchWell,S,Charcoal,4735.27,6402.27,401,14,8909843647376,active,"Sporty Windcheater by StitchWell in Charcoal, Size S - Activewear",2025-04-14T00:00:00
18,Premium Casual Shirt,SIMS0018,Sarees,Trendz,28,Burgundy,2527.8,6045.59,37,24,8902084351451,active,"Premium Casual Shirt by Trendz in Burgundy, Size 28 - Sarees",2024-05-31T00:00:00
19,Modern Cardigan,SIMS0019,Jackets,ThreadCraft,34,Coral,1997.39,4028.48,150,24,8907089665274,active,"Modern Cardigan by ThreadCraft in Coral, Size 34 - Jackets",2025-03-16T00:00:00
20,Slim Fit Tote Bag,SIMS0020,Shirts,StitchWell,36,Lavender,2235.84,5289.35,211,17,8905549063168,active,"Slim Fit Tote Bag by StitchWell in Lavender, Size 36 - Shirts",2025-03-01T00:00:00
21,Slim Fit Lehenga,SIMS0021,Kurtas,ThreadCraft,XXL,Beige,4774.92,10142.81,242,7,8901901048021,active,"Slim Fit Lehenga by ThreadCraft in Beige, Size XXL - Kurtas",2024-04-05T00:00:00
22,Luxury Sweater,SIMS0022,Dresses,UrbanFit,40,Dark Green,2994.36,5910.58,168,18,8909992765825,active,"Luxury Sweater by UrbanFit in Dark Green, Size 40 - Dresses",2024-12-28T00:00:00
23,Luxury Beret,SIMS0023,T-Shirts,FabricFirst,XL,Khaki,1855.48,3698.9,108,20,8903076753294,active,"Luxury Beret by FabricFirst in Khaki, Size XL - T-Shirts",2024-08-17T00:00:00
24,Slim Fit Anarkali Dress,SIMS0024,Kids Wear,FabricFirst,XXL,Red,2934.39,6657.15,432,24,8908529154189,active,"Slim Fit Anarkali Dress by FabricFirst in Red, Size XXL - Kids Wear",2025-11-22T00:00:00
25,Traditional Polo Shirt,SIMS0025,Activewear,UrbanFit,36,Beige,1025.02,2196.86,158,5,8905561049354,active,"Traditional Polo Shirt by UrbanFit in Beige, Size 36 - Activewear",2024-07-04T00:00:00
26,Regular Fit Vest,SIMS0026,Kurtas,UrbanFit,S,Dark Green,595.02,1152.3,192,15,8906634896368,active,"Regular Fit Vest by UrbanFit in Dark Green, Size S - Kurtas",2024-06-10T00:00:00
27,Sporty Saree,SIMS0027,Dresses,Trendz,40,Coral,4434.21,6592.32,386,26,8909292483716,active,"Sporty Saree by Trendz in Coral, Size 40 - Dresses",2024-03-24T00:00:00
28,Elegant Kaftan,SIMS0028,Kurtas,StyleCraft,30,Khaki,2158.79,3364.87,262,18,8902527632754,active,"Elegant Kaftan by StyleCraft in Khaki, Size 30 - Kurtas",2024-04-23T00:00:00
29,Trendy Gloves,SIMS0029,Activewear,FabricFirst,30,Peach,370.27,656.98,306,11,8901735271010,active,"Trendy Gloves by FabricFirst in Peach, Size 30 - Activewear",2024-11-04T00:00:00
30,Casual Duffle Bag,SIMS0030,Jeans,FabricFirst,40,Beige,1741.39,2279.96,382,9,8906780153732,active,"Casual Duffle Bag by FabricFirst in Beige, Size 40 - Jeans",2025-01-24T00:00:00
31,Traditional Hat,SIMS0031,Trousers,ThreadCraft,32,Lavender,499.57,1166.05,21,19,8906854840312,active,"Traditional Hat by ThreadCraft in Lavender, Size 32 - Trousers",2024-03-20T00:00:00
32,Comfort Vest,SIMS0032,Kurtas,DesignLoft,34,Teal,1554.15,2775.77,494,30,8905358964731,active,"Comfort Vest by DesignLoft in Teal, Size 34 - Kurtas",2025-09-24T00:00:00
33,Basic Belt,SIMS0033,Dresses,Trendz,S,Burgundy,1330.08,2669.0,268,14,8902055583360,active,"Basic Belt by Trendz in Burgundy, Size S - Dresses",2024-12-13T00:00:00
34,Formal Salwar Suit,SIMS0034,Jeans,Trendz,S,Peach,2723.43,4174.16,397,28,8905689235454,active,"Formal Salwar Suit by Trendz in Peach, Size S - Jeans",2025-10-22T00:00:00
35,Regular Fit Kurta,SIMS0035,Shirts,StitchWell,M,Beige,991.47,1470.79,388,10,8909798093019,active,"Regular Fit Kurta by StitchWell in Beige, Size M - Shirts",2025-10-05T00:00:00
36,Designer Night Suit,SIMS0036,Activewear,StyleCraft,40,Coral,3453.5,8144.93,329,15,8909526829689,active,"Designer Night Suit by StyleCraft in Coral, Size 40 - Activewear",2025-10-04T00:00:00
37,Comfort Trousers,SIMS0037,Sarees,StyleCraft,S,Cream,3212.22,7245.47,302,21,8901753929455,active,"Comfort Trousers by StyleCraft in Cream, Size S - Sarees",2024-03-16T00:00:00
38,Trendy Night Suit,SIMS0038,Sarees,ThreadCraft,XS,White,4183.73,5824.08,442,24,8902211939188,active,"Trendy Night Suit by ThreadCraft in White, Size XS - Sarees",2025-06-03T00:00:00
39,Essential Night Suit,SIMS0039,Activewear,StyleCraft,32,White,4558.89,9053.9,96,20,8905315459187,active,"Essential Night Suit by StyleCraft in White, Size 32 - Activewear",2025-05-28T00:00:00
40,Regular Fit Casual Shirt,SIMS0040,Sarees,Trendz,S,Mustard,2597.06,3913.95,126,21,8906875492066,active,"Regular Fit Casual Shirt by Trendz in Mustard, Size S - Sarees",2025-06-19T00:00:00
41,Urban Chinos,SIMS0041,Dresses,DesignLoft,XXL,Brown,2132.53,3638.18,306,25,8901702838090,active,"Urban Chinos by DesignLoft in Brown, Size XXL - Dresses",2024-12-08T00:00:00
42,Modern Salwar Suit,SIMS0042,Shirts,FabricFirst,32,Teal,1372.18,3186.04,493,15,8909089313329,active,"Modern Salwar Suit by FabricFirst in Teal, Size 32 - Shirts",2024-03-24T00:00:00
43,Ethnic Muffler,SIMS0043,Jeans,DesignLoft,XXL,Brown,775.42,1667.62,43,17,8905155137781,active,"Ethnic Muffler by DesignLoft in Brown, Size XXL - Jeans",2025-10-20T00:00:00
44,Comfort Wallet,SIMS0044,Jeans,Trendz,36,Peach,3283.22,5936.35,185,14,8901244686156,active,"Comfort Wallet by Trendz in Peach, Size 36 - Jeans",2024-07-03T00:00:00
45,Casual Salwar Suit,SIMS0045,Sarees,Elegance,L,Sky Blue,901.48,1491.9,403,29,8902357488374,active,"Casual Salwar Suit by Elegance in Sky Blue, Size L - Sarees",2025-07-06T00:00:00
46,Contemporary Formal Shirt,SIMS0046,Dresses,Elegance,40,Khaki,3046.65,4524.59,92,28,8909385124731,active,"Contemporary Formal Shirt by Elegance in Khaki, Size 40 - Dresses",2025-03-24T00:00:00
47,Classic Crop Top,SIMS0047,Dresses,StyleCraft,36,Sky Blue,3111.39,6853.99,401,22,8907025409139,active,"Classic Crop Top by StyleCraft in Sky Blue, Size 36 - Dresses",2024-09-01T00:00:00
48,Trendy Sling Bag,SIMS0048,Sarees,StyleCraft,L,Olive,2389.15,3913.73,195,18,8907749899377,active,"Trendy Sling Bag by StyleCraft in Olive, Size L - Sarees",2024-06-14T00:00:00
49,Casual Sling Bag,SIMS0049,Activewear,UrbanFit,M,Beige,3259.72,7656.89,283,8,8902376936076,active,"Casual Sling Bag by UrbanFit in Beige, Size M - Activewear",2024-10-18T00:00:00
50,Modern Backpack,SIMS0050,Jeans,Elegance,XL,Charcoal,4180.58,5894.85,466,16,8903980143667,active,"Modern Backpack by Elegance in Charcoal, Size XL - Jeans",2024-01-28T00:00:00
51,Luxury Casual Shirt,SIMS0051,Kurtas,StitchWell,32,Olive,2022.91,2827.88,114,8,8901378326850,active,"Luxury Casual Shirt by StitchWell in Olive, Size 32 - Kurtas",2025-10-27T00:00:00
52,Comfort Tote Bag,SIMS0052,Jeans,FabricFirst,M,White,4599.37,8586.78,425,19,8902862843970,active,"Comfort Tote Bag by FabricFirst in White, Size M - Jeans",2025-09-22T00:00:00
53,Premium Blazer,SIMS0053,T-Shirts,Elegance,XL,Grey,2811.7,6108.93,270,29,8906680829224,active,"Premium Blazer by Elegance in Grey, Size XL - T-Shirts",2024-10-22T00:00:00
54,Formal Saree,SIMS0054,Shirts,DesignLoft,XS,Sky Blue,3248.92,6651.75,32,24,8902487909473,active,"Formal Saree by DesignLoft in Sky Blue, Size XS - Shirts",2025-07-02T00:00:00
55,Premium Stole,SIMS0055,Kids Wear,Elegance,34,Sky Blue,1562.67,2034.4,180,18,8904228798583,active,"Premium Stole by Elegance in Sky Blue, Size 34 - Kids Wear",2024-07-10T00:00:00
56,Modern Down Jacket,SIMS0056,Dresses,UrbanFit,S,Peach,2043.7,3809.79,325,13,8906192633157,active,"Modern Down Jacket by UrbanFit in Peach, Size S - Dresses",2024-01-17T00:00:00
57,Sporty Tote Bag,SIMS0057,Shirts,Trendz,XXL,Sky Blue,3891.78,8492.74,170,16,8902790593215,active,"Sporty Tote Bag by Trendz in Sky Blue, Size XXL - Shirts",2025-07-13T00:00:00
58,Comfort Wallet,SIMS0058,Jeans,StyleCraft,40,Charcoal,3213.92,7307.8,32,14,8907142871314,active,"Comfort Wallet by StyleCraft in Charcoal, Size 40 - Jeans",2024-07-25T00:00:00
59,Classic Tote Bag,SIMS0059,Trousers,FabricFirst,XS,Mustard,2649.61,6589.44,278,6,8907353864142,active,"Classic Tote Bag by FabricFirst in Mustard, Size XS - Trousers",2025-10-24T00:00:00
60,Casual Waistcoat,SIMS0060,Dresses,ThreadCraft,40,White,1475.1,3332.56,223,17,8906369001366,active,"Casual Waistcoat by ThreadCraft in White, Size 40 - Dresses",2024-12-13T00:00:00
61,Oversized Rain Jacket,SIMS0061,Sarees,FabricFirst,XXL,Peach,4035.57,8767.27,40,10,8906779511387,active,"Oversized Rain Jacket by FabricFirst in Peach, Size XXL - Sarees",2025-07-12T00:00:00
62,Trendy Lehenga,SIMS0062,Shirts,FabricFirst,S,Mustard,1636.5,3310.88,218,19,8903236668298,active,"Trendy Lehenga by FabricFirst in Mustard, Size S - Shirts",2024-12-25T00:00:00
63,Basic Formal Shirt,SIMS0063,Dresses,FabricFirst,34,Burgundy,3251.43,7314.98,29,25,8902007185495,active,"Basic Formal Shirt by FabricFirst in Burgundy, Size 34 - Dresses",2025-02-19T00:00:00
64,Sporty Windcheater,SIMS0064,Jeans,StyleCraft,XS,Dark Green,318.77,440.12,398,16,8909659229556,active,"Sporty Windcheater by StyleCraft in Dark Green, Size XS - Jeans",2025-01-27T00:00:00
65,Ethnic Formal Shirt,SIMS0065,Activewear,ThreadCraft,M,Charcoal,1954.26,4330.06,293,16,8902848112477,active,"Ethnic Formal Shirt by ThreadCraft in Charcoal, Size M - Activewear",2025-02-11T00:00:00
66,Comfort Shawl,SIMS0066,Jackets,UrbanFit,L,Red,3718.02,7059.97,198,13,8908538643525,active,"Comfort Shawl by UrbanFit in Red, Size L - Jackets",2024-09-23T00:00:00
67,Basic Joggers,SIMS0067,Activewear,StitchWell,XL,Cream,744.79,1730.44,231,7,8903317354466,active,"Basic Joggers by StitchWell in Cream, Size XL - Activewear",2025-11-29T00:00:00
68,Comfort Muffler,SIMS0068,Dresses,FabricFirst,38,Navy Blue,4472.96,10384.58,364,30,8909559064832,active,"Comfort Muffler by FabricFirst in Navy Blue, Size 38 - Dresses",2025-01-05T00:00:00
69,Contemporary Track Pants,SIMS0069,Shirts,StitchWell,L,Dark Green,3983.31,5303.94,283,19,8908680977357,active,"Contemporary Track Pants by StitchWell in Dark Green, Size L - Shirts",2025-07-18T00:00:00
70,Regular Fit Scarf,SIMS0070,Shirts,DesignLoft,S,Brown,4998.04,10808.98,269,23,8906513598762,active,"Regular Fit Scarf by DesignLoft in Brown, Size S - Shirts",2024-03-16T00:00:00
71,Regular Fit Lehenga,SIMS0071,Shirts,ThreadCraft,30,Charcoal,772.42,1772.6,282,10,8909587168785,active,"Regular Fit Lehenga by ThreadCraft in Charcoal, Size 30 - Shirts",2024-05-12T00:00:00
72,Luxury Windcheater,SIMS0072,T-Shirts,Elegance,S,Peach,1625.0,2428.34,478,21,8904026210954,active,"Luxury Windcheater by Elegance in Peach, Size S - T-Shirts",2024-10-17T00:00:00
73,Modern Sherwani,SIMS0073,Trousers,FabricFirst,36,Lavender,757.08,1259.32,273,25,8902253974874,active,"Modern Sherwani by FabricFirst in Lavender, Size 36 - Trousers",2024-06-21T00:00:00
74,Ethnic Tie,SIMS0074,Jeans,ThreadCraft,M,Khaki,4236.27,8372.32,422,6,8901380822520,active,"Ethnic Tie by ThreadCraft in Khaki, Size M - Jeans",2025-10-18T00:00:00
75,Ethnic Sherwani,SIMS0075,Trousers,DesignLoft,40,Coral,3147.83,4206.58,455,14,8909417652879,active,"Ethnic Sherwani by DesignLoft in Coral, Size 40 - Trousers",2025-10-19T00:00:00
76,Trendy Bathrobe,SIMS0076,Trousers,FabricFirst,40,Teal,2349.69,4996.23,80,20,8906900285163,active,"Trendy Bathrobe by FabricFirst in Teal, Size 40 - Trousers",2025-04-20T00:00:00
77,Casual Salwar Suit,SIMS0077,Activewear,ThreadCraft,M,Mustard,3710.87,8657.21,499,29,8906351483726,active,"Casual Salwar Suit by ThreadCraft in Mustard, Size M - Activewear",2025-01-14T00:00:00
78,Contemporary Leather Jacket,SIMS0078,Shirts,StyleCraft,XXL,Sky Blue,744.23,1369.02,72,14,8902299384016,active,"Contemporary Leather Jacket by StyleCraft in Sky Blue, Size XXL - Shirts",2025-01-28T00:00:00
79,Urban Crop Top,SIMS0079,Trousers,ThreadCraft,M,Mustard,1070.7,1596.64,263,14,8907265486473,active,"Urban Crop Top by ThreadCraft in Mustard, Size M - Trousers",2025-05-24T00:00:00
80,Premium Blazer,SIMS0080,Kurtas,StitchWell,32,Charcoal,1193.45,2056.88,25,24,8904776300873,active,"Premium Blazer by StitchWell in Charcoal, Size 32 - Kurtas",2025-10-31T00:00:00
81,Designer Waistcoat,SIMS0081,Kids Wear,DesignLoft,XS,Red,799.58,1293.21,187,6,8906412384556,active,"Designer Waistcoat by DesignLoft in Red, Size XS - Kids Wear",2025-02-14T00:00:00
82,Classic Vest,SIMS0082,Kids Wear,FabricFirst,L,Olive,506.63,965.18,391,24,8908380056945,active,"Classic Vest by FabricFirst in Olive, Size L - Kids Wear",2025-11-27T00:00:00
83,Urban Hoodie,SIMS0083,Jeans,ThreadCraft,S,Teal,4005.25,6836.57,480,11,8905907085628,active,"Urban Hoodie by ThreadCraft in Teal, Size S - Jeans",2025-09-08T00:00:00
84,Contemporary Top,SIMS0084,Kids Wear,UrbanFit,XS,White,814.63,1384.58,242,9,8907970365668,active,"Contemporary Top by UrbanFit in White, Size XS - Kids Wear",2025-09-12T00:00:00
85,Contemporary Cardigan,SIMS0085,Dresses,Elegance,34,Mustard,2055.83,4193.48,431,15,8905016255385,active,"Contemporary Cardigan by Elegance in Mustard, Size 34 - Dresses",2025-06-03T00:00:00
86,Contemporary Bomber Jacket,SIMS0086,Sarees,FabricFirst,38,Coral,2453.23,3238.18,169,23,8902471087863,active,"Contemporary Bomber Jacket by FabricFirst in Coral, Size 38 - Sarees",2024-11-11T00:00:00
87,Premium Bow Tie,SIMS0087,Sarees,StitchWell,XL,Coral,3648.79,7298.41,87,28,8908036127290,active,"Premium Bow Tie by StitchWell in Coral, Size XL - Sarees",2025-09-26T00:00:00
88,Essential Trousers,SIMS0088,Trousers,Trendz,XS,Coral,1075.3,1966.99,214,27,8903032475962,active,"Essential Trousers by Trendz in Coral, Size XS - Trousers",2024-07-27T00:00:00
89,Luxury Windcheater,SIMS0089,Activewear,Elegance,30,White,2665.61,5259.42,339,17,8907420586677,active,"Luxury Windcheater by Elegance in White, Size 30 - Activewear",2024-11-17T00:00:00
90,Oversized Night Suit,SIMS0090,Kids Wear,ThreadCraft,XXL,Lavender,3427.96,8025.49,348,13,8909634348598,active,"Oversized Night Suit by ThreadCraft in Lavender, Size XXL - Kids Wear",2025-09-16T00:00:00
91,Designer Jeans,SIMS0091,Trousers,FabricFirst,XL,Lavender,1240.61,3061.2,152,27,8904878947836,active,"Designer Jeans by FabricFirst in Lavender, Size XL - Trousers",2025-05-15T00:00:00
92,Comfort Bathrobe,SIMS0092,Dresses,FabricFirst,32,Beige,741.09,1565.14,194,29,8906295324954,active,"Comfort Bathrobe by FabricFirst in Beige, Size 32 - Dresses",2024-05-29T00:00:00
93,Trendy Formal Shirt,SIMS0093,Jackets,ThreadCraft,38,Navy Blue,4631.45,9666.61,382,11,8907430093037,active,"Trendy Formal Shirt by ThreadCraft in Navy Blue, Size 38 - Jackets",2025-07-05T00:00:00
94,Elegant Leather Jacket,SIMS0094,Jackets,StitchWell,M,Red,1325.92,2789.47,271,12,8904028913591,active,"Elegant Leather Jacket by StitchWell in Red, Size M - Jackets",2024-02-23T00:00:00
95,Slim Fit Crop Top,SIMS0095,Dresses,Trendz,38,Cream,3453.78,5059.65,493,18,8908386707030,active,"Slim Fit Crop Top by Trendz in Cream, Size 38 - Dresses",2025-10-30T00:00:00
96,Designer Bathrobe,SIMS0096,Trousers,ThreadCraft,40,Brown,1534.26,2103.46,393,23,8902200721493,active,"Designer Bathrobe by ThreadCraft in Brown, Size 40 - Trousers",2024-08-25T00:00:00
97,Traditional Beanie,SIMS0097,T-Shirts,Elegance,M,Burgundy,4679.52,6287.44,428,10,8906328370973,active,"Traditional Beanie by Elegance in Burgundy, Size M - T-Shirts",2024-10-23T00:00:00
98,Classic Cotton T-Shirt,SIMS0098,Jackets,Trendz,34,Khaki,4653.01,7919.66,232,21,8909607549479,active,"Classic Cotton T-Shirt by Trendz in Khaki, Size 34 - Jackets",2025-05-20T00:00:00
99,Regular Fit Suspenders,SIMS0099,Kids Wear,StitchWell,30,Beige,4072.75,6910.73,374,13,8907159445792,active,"Regular Fit Suspenders by StitchWell in Beige, Size 30 - Kids Wear",2024-07-09T00:00:00
100,Premium Beanie,SIMS0100,Dresses,StitchWell,40,Brown,1001.15,2330.05,459,21,8906442399664,active,"Premium Beanie by StitchWell in Brown, Size 40 - Dresses",2024-12-01T00:00:00
101,Modern Top,SIMS0101,Shirts,StyleCraft,M,Dark Green,1719.47,2747.12,133,19,8906148248340,active,"Modern Top by StyleCraft in Dark Green, Size M - Shirts",2024-09-30T00:00:00
102,Comfort Saree,SIMS0102,Activewear,UrbanFit,38,Coral,1418.53,2456.13,120,8,8901833818695,active,"Comfort Saree by UrbanFit in Coral, Size 38 - Activewear",2025-04-21T00:00:00
103,Trendy Chinos,SIMS0103,Kurtas,FabricFirst,36,Peach,3497.91,7228.27,481,24,8904959927657,active,"Trendy Chinos by FabricFirst in Peach, Size 36 - Kurtas",2024-08-14T00:00:00
104,Formal Cardigan,SIMS0104,Sarees,ThreadCraft,M,Charcoal,2166.85,4245.04,241,11,8908214440295,active,"Formal Cardigan by ThreadCraft in Charcoal, Size M - Sarees",2024-09-10T00:00:00
105,Urban Tote Bag,SIMS0105,Shirts,ThreadCraft,32,Charcoal,528.8,1045.44,31,11,8908350423774,active,"Urban Tote Bag by ThreadCraft in Charcoal, Size 32 - Shirts",2025-08-09T00:00:00
106,Traditional Trousers,SIMS0106,Jeans,StyleCraft,XXL,Peach,713.76,1103.82,298,21,8907560937921,active,"Traditional Trousers by StyleCraft in Peach, Size XXL - Jeans",2025-04-01T00:00:00
107,Classic Night Suit,SIMS0107,Jeans,StyleCraft,32,Burgundy,2884.97,5685.0,344,17,8905136181812,active,"Classic Night Suit by StyleCraft in Burgundy, Size 32 - Jeans",2024-09-17T00:00:00
108,Premium Beanie,SIMS0108,Trousers,UrbanFit,34,Navy Blue,2204.93,4719.57,277,20,8901808737318,active,"Premium Beanie by UrbanFit in Navy Blue, Size 34 - Trousers",2024-02-02T00:00:00
109,Trendy Crop Top,SIMS0109,Jeans,DesignLoft,40,Dark Green,1966.14,4658.97,229,7,8906066670258,active,"Trendy Crop Top by DesignLoft in Dark Green, Size 40 - Jeans",2025-11-30T00:00:00
110,Traditional Cardigan,SIMS0110,Dresses,DesignLoft,S,Maroon,2714.89,5900.62,114,14,8901046617712,active,"Traditional Cardigan by DesignLoft in Maroon, Size S - Dresses",2025-04-19T00:00:00
111,Traditional Tank Top,SIMS0111,Kids Wear,StitchWell,28,Sky Blue,2384.03,3543.02,96,30,8902514575114,active,"Traditional Tank Top by StitchWell in Sky Blue, Size 28 - Kids Wear",2025-11-07T00:00:00
112,Luxury Scarf,SIMS0112,T-Shirts,Trendz,L,Grey,639.35,856.92,306,28,8901653322541,active,"Luxury Scarf by Trendz in Grey, Size L - T-Shirts",2024-02-15T00:00:00
113,Essential Kaftan,SIMS0113,Trousers,UrbanFit,32,Grey,829.66,2067.66,119,23,8908732422050,active,"Essential Kaftan by UrbanFit in Grey, Size 32 - Trousers",2025-09-04T00:00:00
114,Comfort Kurta,SIMS0114,Jackets,StitchWell,M,Peach,2155.77,3514.3,285,25,8908941221632,active,"Comfort Kurta by StitchWell in Peach, Size M - Jackets",2025-11-26T00:00:00
115,Luxury Leather Jacket,SIMS0115,Sarees,DesignLoft,XS,Olive,3961.15,6664.56,213,14,8906479561929,active,"Luxury Leather Jacket by DesignLoft in Olive, Size XS - Sarees",2025-01-20T00:00:00
116,Oversized Backpack,SIMS0116,Kids Wear,StitchWell,30,Sky Blue,1608.57,3456.97,412,22,8907214618417,active,"Oversized Backpack by StitchWell in Sky Blue, Size 30 - Kids Wear",2025-02-26T00:00:00
117,Luxury Leather Jacket,SIMS0117,Kids Wear,StitchWell,M,Teal,1386.73,2352.33,40,7,8907036936557,active,"Luxury Leather Jacket by StitchWell in Teal, Size M - Kids Wear",2025-07-02T00:00:00
118,Casual Casual Shirt,SIMS0118,Jackets,UrbanFit,28,Khaki,4387.06,6693.76,389,22,8908886414795,active,"Casual Casual Shirt by UrbanFit in Khaki, Size 28 - Jackets",2024-08-10T00:00:00
119,Designer Joggers,SIMS0119,Dresses,StitchWell,XL,Black,4695.22,11524.38,60,27,8907427967141,active,"Designer Joggers by StitchWell in Black, Size XL - Dresses",2025-09-10T00:00:00
120,Casual Top,SIMS0120,Trousers,FabricFirst,32,Mustard,1996.21,3873.41,183,16,8905139573843,active,"Casual Top by FabricFirst in Mustard, Size 32 - Trousers",2025-06-09T00:00:00
121,Designer Night Suit,SIMS0121,Shirts,ThreadCraft,40,Cream,4584.5,7999.25,211,12,8901613582382,active,"Designer Night Suit by ThreadCraft in Cream, Size 40 - Shirts",2024-05-29T00:00:00
122,Premium Sherwani,SIMS0122,Kids Wear,DesignLoft,34,Coral,1581.68,2428.56,117,12,8906098123182,active,"Premium Sherwani by DesignLoft in Coral, Size 34 - Kids Wear",2025-05-26T00:00:00
123,Traditional Shawl,SIMS0123,Dresses,StyleCraft,XL,Cream,2385.02,5197.74,180,28,8903271845927,active,"Traditional Shawl by StyleCraft in Cream, Size XL - Dresses",2025-07-13T00:00:00
124,Designer Shorts,SIMS0124,Kids Wear,UrbanFit,36,White,4219.48,5861.69,418,29,8909968637216,active,"Designer Shorts by UrbanFit in White, Size 36 - Kids Wear",2024-01-07T00:00:00
125,Luxury Cardigan,SIMS0125,Trousers,UrbanFit,S,Dark Green,1210.79,2236.59,30,26,8909292444191,active,"Luxury Cardigan by UrbanFit in Dark Green, Size S - Trousers",2025-09-23T00:00:00
126,Designer Muffler,SIMS0126,Sarees,DesignLoft,XS,Black,207.48,401.54,140,5,8908190555046,active,"Designer Muffler by DesignLoft in Black, Size XS - Sarees",2025-05-29T00:00:00
127,Luxury Sling Bag,SIMS0127,Jeans,Elegance,S,Red,1318.7,2695.08,129,30,8905757227944,active,"Luxury Sling Bag by Elegance in Red, Size S - Jeans",2025-02-10T00:00:00
128,Modern Maxi Dress,SIMS0128,Kurtas,StitchWell,30,Coral,4952.63,7780.72,350,25,8902082021993,active,"Modern Maxi Dress by StitchWell in Coral, Size 30 - Kurtas",2024-02-02T00:00:00
129,Modern Top,SIMS0129,Kurtas,StyleCraft,28,Lavender,422.16,553.6,87,18,8902109794373,active,"Modern Top by StyleCraft in Lavender, Size 28 - Kurtas",2025-10-22T00:00:00
130,Comfort Vest,SIMS0130,Shirts,StitchWell,32,White,1175.37,2752.41,454,13,8908607248070,active,"Comfort Vest by StitchWell in White, Size 32 - Shirts",2024-02-17T00:00:00
131,Modern Gloves,SIMS0131,Jackets,UrbanFit,32,Coral,1019.87,2366.62,8,9,8903780429185,active,"Modern Gloves by UrbanFit in Coral, Size 32 - Jackets",2025-02-11T00:00:00
132,Modern Saree,SIMS0132,Jeans,DesignLoft,34,Sky Blue,3433.62,6691.01,196,28,8902878385098,active,"Modern Saree by DesignLoft in Sky Blue, Size 34 - Jeans",2024-03-21T00:00:00
133,Contemporary Beanie,SIMS0133,Dresses,DesignLoft,XS,Red,1275.9,1775.06,309,17,8909239159686,active,"Contemporary Beanie by DesignLoft in Red, Size XS - Dresses",2024-11-30T00:00:00
134,Premium Stole,SIMS0134,Jackets,StyleCraft,40,Charcoal,1256.47,2467.26,192,26,8906796165033,active,"Premium Stole by StyleCraft in Charcoal, Size 40 - Jackets",2025-08-22T00:00:00
135,Essential Blazer,SIMS0135,Activewear,Trendz,XL,Sky Blue,547.88,813.64,364,28,8909508073629,active,"Essential Blazer by Trendz in Sky Blue, Size XL - Activewear",2025-02-02T00:00:00
136,Comfort Maxi Dress,SIMS0136,Shirts,FabricFirst,S,Black,2306.97,5106.75,52,10,8902778478921,active,"Comfort Maxi Dress by FabricFirst in Black, Size S - Shirts",2025-03-17T00:00:00
137,Basic Leather Jacket,SIMS0137,Kids Wear,Trendz,32,Burgundy,277.37,478.38,47,30,8909011785786,active,"Basic Leather Jacket by Trendz in Burgundy, Size 32 - Kids Wear",2024-11-28T00:00:00
138,Essential Cotton T-Shirt,SIMS0138,Jackets,Trendz,28,Teal,3665.49,7226.31,500,21,8904258034983,active,"Essential Cotton T-Shirt by Trendz in Teal, Size 28 - Jackets",2024-06-22T00:00:00
139,Essential Chinos,SIMS0139,Jeans,FabricFirst,XL,Brown,2541.65,3497.11,222,14,8904703897563,active,"Essential Chinos by FabricFirst in Brown, Size XL - Jeans",2025-05-10T00:00:00
140,Modern Maxi Dress,SIMS0140,Jackets,StitchWell,L,Cream,2370.63,3467.25,3,24,8906310887852,active,"Modern Maxi Dress by StitchWell in Cream, Size L - Jackets",2025-01-24T00:00:00
141,Comfort Kaftan,SIMS0141,Dresses,Elegance,28,Khaki,1607.11,3252.56,355,15,8903695783071,active,"Comfort Kaftan by Elegance in Khaki, Size 28 - Dresses",2024-06-30T00:00:00
142,Essential Lehenga,SIMS0142,Jackets,StitchWell,38,Cream,1730.55,2831.8,402,8,8906273886056,active,"Essential Lehenga by StitchWell in Cream, Size 38 - Jackets",2025-07-31T00:00:00
143,Casual Tie,SIMS0143,Kids Wear,UrbanFit,M,Lavender,4772.07,8847.16,362,30,8903813853166,active,"Casual Tie by UrbanFit in Lavender, Size M - Kids Wear",2024-10-25T00:00:00
144,Modern Wallet,SIMS0144,Kurtas,Elegance,36,Cream,3221.68,5123.84,337,30,8903068875464,active,"Modern Wallet by Elegance in Cream, Size 36 - Kurtas",2025-01-21T00:00:00
145,Modern Kaftan,SIMS0145,Activewear,DesignLoft,30,Coral,2741.68,6602.5,445,6,8906614336879,active,"Modern Kaftan by DesignLoft in Coral, Size 30 - Activewear",2025-01-03T00:00:00
146,Traditional Bow Tie,SIMS0146,Shirts,ThreadCraft,S,Sky Blue,956.74,1947.17,288,25,8909657462296,active,"Traditional Bow Tie by ThreadCraft in Sky Blue, Size S - Shirts",2025-02-13T00:00:00
147,Comfort Tote Bag,SIMS0147,Kurtas,Trendz,S,Black,1404.88,2687.27,265,27,8908489260884,active,"Comfort Tote Bag by Trendz in Black, Size S - Kurtas",2025-08-12T00:00:00
148,Formal Kaftan,SIMS0148,Dresses,Elegance,28,Charcoal,1823.09,2423.75,53,7,8904965224163,active,"Formal Kaftan by Elegance in Charcoal, Size 28 - Dresses",2024-04-28T00:00:00
149,Regular Fit Anarkali Dress,SIMS0149,Jackets,StitchWell,XXL,Charcoal,2677.41,4599.68,49,19,8906880963699,active,"Regular Fit Anarkali Dress by StitchWell in Charcoal, Size XXL - Jackets",2024-11-22T00:00:00
150,Modern Saree,SIMS0150,T-Shirts,UrbanFit,40,Red,4268.52,8868.12,346,21,8903205923241,active,"Modern Saree by UrbanFit in Red, Size 40 - T-Shirts",2024-06-27T00:00:00
151,Traditional Chinos,SIMS0151,Dresses,StyleCraft,32,Burgundy,1274.5,2276.33,94,26,8903501642991,active,"Traditional Chinos by StyleCraft in Burgundy, Size 32 - Dresses",2025-03-18T00:00:00
152,Essential Polo Shirt,SIMS0152,Activewear,DesignLoft,L,Charcoal,2035.85,4368.29,105,23,8904735881018,active,"Essential Polo Shirt by DesignLoft in Charcoal, Size L - Activewear",2024-04-14T00:00:00
153,Traditional Shorts,SIMS0153,Dresses,StyleCraft,XXL,Grey,702.68,1479.03,250,15,8908082871091,active,"Traditional Shorts by StyleCraft in Grey, Size XXL - Dresses",2025-09-03T00:00:00
154,Essential Scarf,SIMS0154,Kurtas,ThreadCraft,34,Red,1857.13,3434.64,88,23,8904992236988,active,"Essential Scarf by ThreadCraft in Red, Size 34 - Kurtas",2024-03-27T00:00:00
155,Regular Fit Lehenga,SIMS0155,Shirts,Trendz,L,Brown,1037.77,2212.65,261,24,8906213865763,active,"Regular Fit Lehenga by Trendz in Brown, Size L - Shirts",2024-05-21T00:00:00
156,Ethnic Skirt,SIMS0156,Kurtas,Elegance,M,Cream,2841.33,5363.21,71,19,8903511194650,active,"Ethnic Skirt by Elegance in Cream, Size M - Kurtas",2025-09-26T00:00:00
157,Classic Anarkali Dress,SIMS0157,T-Shirts,StitchWell,30,Dark Green,4103.8,10081.37,258,18,8909765353973,active,"Classic Anarkali Dress by StitchWell in Dark Green, Size 30 - T-Shirts",2025-05-18T00:00:00
158,Luxury Hat,SIMS0158,Sarees,Trendz,30,Maroon,2892.18,6522.03,112,13,8904920364414,active,"Luxury Hat by Trendz in Maroon, Size 30 - Sarees",2024-08-18T00:00:00
159,Traditional Waistcoat,SIMS0159,Jeans,StyleCraft,40,Charcoal,2816.17,4043.61,58,16,8904595544079,active,"Traditional Waistcoat by StyleCraft in Charcoal, Size 40 - Jeans",2025-07-09T00:00:00
160,Classic Backpack,SIMS0160,Sarees,DesignLoft,32,Grey,646.72,1484.92,384,6,8904322313248,active,"Classic Backpack by DesignLoft in Grey, Size 32 - Sarees",2025-04-05T00:00:00
161,Elegant Anarkali Dress,SIMS0161,Shirts,StitchWell,30,Red,1167.91,2552.04,352,25,8905706087488,active,"Elegant Anarkali Dress by StitchWell in Red, Size 30 - Shirts",2025-03-14T00:00:00
162,Oversized Scarf,SIMS0162,Jeans,StitchWell,40,Grey,4056.39,8048.24,272,22,8904772659286,active,"Oversized Scarf by StitchWell in Grey, Size 40 - Jeans",2024-06-21T00:00:00
163,Comfort Hat,SIMS0163,Jackets,FabricFirst,XL,Coral,4769.13,9143.84,460,29,8902278090527,active,"Comfort Hat by FabricFirst in Coral, Size XL - Jackets",2025-02-25T00:00:00
164,Classic Nehru Jacket,SIMS0164,Jeans,StitchWell,38,Dark Green,859.28,1449.19,126,9,8906270740272,active,"Classic Nehru Jacket by StitchWell in Dark Green, Size 38 - Jeans",2025-08-14T00:00:00
165,Elegant Stole,SIMS0165,Kurtas,Trendz,28,Charcoal,3223.09,7594.08,47,28,8906406971575,active,"Elegant Stole by Trendz in Charcoal, Size 28 - Kurtas",2024-10-11T00:00:00
166,Sporty Night Suit,SIMS0166,Sarees,UrbanFit,XXL,Coral,4364.2,10110.11,47,26,8907153201791,active,"Sporty Night Suit by UrbanFit in Coral, Size XXL - Sarees",2025-01-01T00:00:00
167,Modern Tote Bag,SIMS0167,Kids Wear,DesignLoft,28,Grey,4150.51,7859.65,165,22,8904806321853,active,"Modern Tote Bag by DesignLoft in Grey, Size 28 - Kids Wear",2025-08-14T00:00:00
168,Regular Fit Vest,SIMS0168,Sarees,UrbanFit,40,Mustard,372.82,764.81,428,8,8907168402012,active,"Regular Fit Vest by UrbanFit in Mustard, Size 40 - Sarees",2024-06-10T00:00:00
169,Basic Night Suit,SIMS0169,T-Shirts,Elegance,28,Grey,4428.42,7361.09,447,25,8904677826921,active,"Basic Night Suit by Elegance in Grey, Size 28 - T-Shirts",2025-01-04T00:00:00
170,Elegant Blazer,SIMS0170,Dresses,UrbanFit,36,Maroon,2072.26,3453.65,358,25,8904142625464,active,"Elegant Blazer by UrbanFit in Maroon, Size 36 - Dresses",2024-04-03T00:00:00
171,Slim Fit Cotton T-Shirt,SIMS0171,Trousers,Elegance,30,Navy Blue,3029.35,5826.45,227,27,8901124647311,active,"Slim Fit Cotton T-Shirt by Elegance in Navy Blue, Size 30 - Trousers",2024-12-17T00:00:00
172,Slim Fit Tank Top,SIMS0172,Jeans,StitchWell,30,Navy Blue,2007.89,4371.01,52,16,8902385147550,active,"Slim Fit Tank Top by StitchWell in Navy Blue, Size 30 - Jeans",2024-11-02T00:00:00
173,Regular Fit Skirt,SIMS0173,Jeans,Trendz,36,Dark Green,2722.97,3567.55,332,16,8903202735066,active,"Regular Fit Skirt by Trendz in Dark Green, Size 36 - Jeans",2024-08-06T00:00:00
174,Regular Fit Crop Top,SIMS0174,Activewear,StitchWell,36,Charcoal,570.44,810.34,385,28,8902652988285,active,"Regular Fit Crop Top by StitchWell in Charcoal, Size 36 - Activewear",2025-01-28T00:00:00
175,Sporty Tank Top,SIMS0175,Dresses,StitchWell,40,Dark Green,1493.29,2092.25,283,28,8909066472886,active,"Sporty Tank Top by StitchWell in Dark Green, Size 40 - Dresses",2025-09-14T00:00:00
176,Trendy Duffle Bag,SIMS0176,T-Shirts,StitchWell,36,Brown,2661.08,5086.46,382,25,8906257993147,active,"Trendy Duffle Bag by StitchWell in Brown, Size 36 - T-Shirts",2024-02-25T00:00:00
177,Formal Rain Jacket,SIMS0177,Kurtas,StyleCraft,S,Sky Blue,3244.7,4494.61,455,15,8901161960656,active,"Formal Rain Jacket by StyleCraft in Sky Blue, Size S - Kurtas",2024-05-15T00:00:00
178,Essential Belt,SIMS0178,Activewear,Elegance,28,Olive,3849.22,9412.67,394,23,8901979679912,active,"Essential Belt by Elegance in Olive, Size 28 - Activewear",2024-03-10T00:00:00
179,Premium Sherwani,SIMS0179,Trousers,DesignLoft,XS,White,2607.06,5355.64,256,27,8906575833864,active,"Premium Sherwani by DesignLoft in White, Size XS - Trousers",2025-02-15T00:00:00
180,Modern Stole,SIMS0180,Kids Wear,Elegance,32,Khaki,1495.72,2500.68,261,22,8903727270529,active,"Modern Stole by Elegance in Khaki, Size 32 - Kids Wear",2024-11-30T00:00:00
181,Essential Tie,SIMS0181,Shirts,StitchWell,XL,Burgundy,430.84,604.66,222,24,8902556745568,active,"Essential Tie by StitchWell in Burgundy, Size XL - Shirts",2025-09-15T00:00:00
182,Classic Saree,SIMS0182,Jeans,Elegance,S,Black,3552.27,5316.32,487,21,8905653397476,active,"Classic Saree by Elegance in Black, Size S - Jeans",2024-09-22T00:00:00
183,Oversized Maxi Dress,SIMS0183,Jeans,Trendz,38,Beige,3891.44,5195.96,413,21,8906762296844,active,"Oversized Maxi Dress by Trendz in Beige, Size 38 - Jeans",2024-03-06T00:00:00
184,Elegant Hat,SIMS0184,Activewear,StyleCraft,36,Navy Blue,2357.71,4083.9,255,16,8908608616831,active,"Elegant Hat by StyleCraft in Navy Blue, Size 36 - Activewear",2024-06-10T00:00:00
185,Elegant Duffle Bag,SIMS0185,Shirts,StitchWell,34,Red,3742.78,4877.15,439,6,8901164927741,active,"Elegant Duffle Bag by StitchWell in Red, Size 34 - Shirts",2025-04-28T00:00:00
186,Sporty Skirt,SIMS0186,Jeans,DesignLoft,M,White,1238.9,1979.66,468,7,8905294096744,active,"Sporty Skirt by DesignLoft in White, Size M - Jeans",2025-08-08T00:00:00
187,Sporty Hoodie,SIMS0187,Kids Wear,Elegance,36,White,1232.45,2364.98,23,19,8906381122218,active,"Sporty Hoodie by Elegance in White, Size 36 - Kids Wear",2024-10-16T00:00:00
188,Trendy Lehenga,SIMS0188,Shirts,UrbanFit,32,Charcoal,1939.26,3199.61,401,12,8905079001689,active,"Trendy Lehenga by UrbanFit in Charcoal, Size 32 - Shirts",2025-04-20T00:00:00
189,Sporty Tie,SIMS0189,Sarees,StitchWell,40,Grey,880.25,2129.22,12,16,8904127242779,active,"Sporty Tie by StitchWell in Grey, Size 40 - Sarees",2025-10-13T00:00:00
190,Premium Salwar Suit,SIMS0190,T-Shirts,FabricFirst,40,Teal,654.15,1266.29,121,6,8906634672872,active,"Premium Salwar Suit by FabricFirst in Teal, Size 40 - T-Shirts",2024-05-25T00:00:00
191,Elegant Blazer,SIMS0191,T-Shirts,DesignLoft,L,Peach,3549.11,6200.26,498,8,8902139540984,active,"Elegant Blazer by DesignLoft in Peach, Size L - T-Shirts",2025-06-01T00:00:00
192,Regular Fit Stole,SIMS0192,Kurtas,UrbanFit,S,Coral,2259.67,5552.15,121,15,8904914809343,active,"Regular Fit Stole by UrbanFit in Coral, Size S - Kurtas",2025-02-06T00:00:00
193,Comfort Lehenga,SIMS0193,Sarees,Trendz,XL,Sky Blue,4726.24,6916.07,394,9,8908847818423,active,"Comfort Lehenga by Trendz in Sky Blue, Size XL - Sarees",2024-04-18T00:00:00
194,Oversized Kaftan,SIMS0194,Sarees,Trendz,XXL,Burgundy,2749.23,6756.4,106,19,8907065528349,active,"Oversized Kaftan by Trendz in Burgundy, Size XXL - Sarees",2024-09-28T00:00:00
195,Slim Fit Blazer,SIMS0195,Jeans,UrbanFit,40,Brown,1192.85,2776.82,75,16,8902224238841,active,"Slim Fit Blazer by UrbanFit in Brown, Size 40 - Jeans",2025-02-09T00:00:00
196,Contemporary Casual Shirt,SIMS0196,Jackets,UrbanFit,XL,Maroon,4767.67,11087.32,284,8,8908383597641,active,"Contemporary Casual Shirt by UrbanFit in Maroon, Size XL - Jackets",2025-04-18T00:00:00
197,Slim Fit Sling Bag,SIMS0197,Jeans,UrbanFit,S,Black,4177.31,10355.89,66,16,8903659296561,active,"Slim Fit Sling Bag by UrbanFit in Black, Size S - Jeans",2025-10-07T00:00:00
198,Modern Tie,SIMS0198,Activewear,UrbanFit,XL,Navy Blue,4986.23,7665.33,330,7,8906951634426,active,"Modern Tie by UrbanFit in Navy Blue, Size XL - Activewear",2024-12-05T00:00:00
199,Slim Fit Formal Shirt,SIMS0199,Sarees,DesignLoft,XS,Maroon,4135.17,7335.79,15,18,8906136907597,active,"Slim Fit Formal Shirt by DesignLoft in Maroon, Size XS - Sarees",2024-06-25T00:00:00
200,Sporty Joggers,SIMS0200,Jeans,StyleCraft,XL,Beige,4434.61,5949.38,317,25,8909280927341,active,"Sporty Joggers by StyleCraft in Beige, Size XL - Jeans",2024-10-29T00:00:00
